date,shift,machine,batch_id,weight_grams
2026-06-08,Notte,Macchina_2_Riferimento,P2015,249.8
2026-06-01,Notte,Macchina_1_Contromisura,P2000,252.29
2026-06-06,Notte,Macchina_1_Contromisura,P2010,249.93
2026-06-01,Notte,Macchina_2_Riferimento,P2001,246.46
2026-06-11,Notte,Macchina_2_Riferimento,P2021,250.02
2026-06-05,Notte,Macchina_1_Contromisura,P2008,250.54
2026-06-11,Notte,Macchina_1_Contromisura,P2020,250.29
2026-06-04,Notte,Macchina_1_Contromisura,P2006,250.67
2026-06-14,Notte,Macchina_1_Contromisura,P2026,248.79
2026-06-08,Notte,Macchina_2_Riferimento,P2015,243.94
2026-06-09,Notte,Macchina_2_Riferimento,P2017,249.6
2026-06-08,Notte,Macchina_1_Contromisura,P2014,249.82
2026-06-02,Notte,Macchina_1_Contromisura,P2002,248.84
2026-06-04,Notte,Macchina_2_Riferimento,P2007,248.59
2026-06-09,Notte,Macchina_1_Contromisura,P2016,248.12
2026-06-01,Notte,Macchina_1_Contromisura,P2000,250.63
2026-06-13,Notte,Macchina_1_Contromisura,P2024,249.22
2026-06-02,Notte,Macchina_2_Riferimento,P2003,249.92
2026-06-13,Notte,Macchina_2_Riferimento,P2025,246.99
2026-06-08,Notte,Macchina_1_Contromisura,P2014,249.53
2026-06-12,Notte,Macchina_2_Riferimento,P2023,248.24
2026-06-12,Notte,Macchina_2_Riferimento,P2023,249.02
2026-06-13,Notte,Macchina_2_Riferimento,P2025,246.48
2026-06-12,Notte,Macchina_2_Riferimento,P2023,243.46
2026-06-07,Notte,Macchina_1_Contromisura,P2012,250.66
2026-06-01,Notte,Macchina_2_Riferimento,P2001,250.46
2026-06-06,Notte,Macchina_1_Contromisura,P2010,248.59
2026-06-13,Notte,Macchina_2_Riferimento,P2025,248.44
2026-06-07,Notte,Macchina_2_Riferimento,P2013,252.56
2026-06-06,Notte,Macchina_2_Riferimento,P2011,251.97
2026-06-04,Notte,Macchina_1_Contromisura,P2006,249.5
2026-06-02,Notte,Macchina_2_Riferimento,P2003,245.23
2026-06-03,Notte,Macchina_2_Riferimento,P2005,242.47
2026-06-12,Notte,Macchina_1_Contromisura,P2022,250.18
2026-06-08,Notte,Macchina_2_Riferimento,P2015,251.67
2026-06-05,Notte,Macchina_2_Riferimento,P2009,246.04
2026-06-04,Notte,Macchina_2_Riferimento,P2007,250.74
2026-06-05,Notte,Macchina_1_Contromisura,P2008,250.84
2026-06-01,Notte,Macchina_2_Riferimento,P2001,245.81
2026-06-09,Notte,Macchina_1_Contromisura,P2016,250.14
2026-06-06,Notte,Macchina_1_Contromisura,P2010,248.43
2026-06-09,Notte,Macchina_1_Contromisura,P2016,250.31
2026-06-12,Notte,Macchina_2_Riferimento,P2023,245.79
2026-06-14,Notte,Macchina_1_Contromisura,P2026,250.55
2026-06-11,Notte,Macchina_2_Riferimento,P2021,243.52
2026-06-02,Notte,Macchina_1_Contromisura,P2002,247.62
2026-06-07,Notte,Macchina_2_Riferimento,P2013,245.84
2026-06-10,Notte,Macchina_2_Riferimento,P2019,247.95
2026-06-08,Notte,Macchina_1_Contromisura,P2014,251.01
2026-06-05,Notte,Macchina_1_Contromisura,P2008,248.26
2026-06-14,Notte,Macchina_1_Contromisura,P2026,250.34
2026-06-14,Notte,Macchina_2_Riferimento,P2027,251.57
2026-06-12,Notte,Macchina_1_Contromisura,P2022,249.91
2026-06-05,Notte,Macchina_2_Riferimento,P2009,251.07
2026-06-07,Notte,Macchina_2_Riferimento,P2013,248.88
2026-06-03,Notte,Macchina_2_Riferimento,P2005,246.2
2026-06-01,Notte,Macchina_1_Contromisura,P2000,247.46
2026-06-09,Notte,Macchina_1_Contromisura,P2016,251.54
2026-06-08,Notte,Macchina_2_Riferimento,P2015,246.53
2026-06-13,Notte,Macchina_1_Contromisura,P2024,249.25
2026-06-11,Notte,Macchina_1_Contromisura,P2020,248.85
2026-06-03,Notte,Macchina_1_Contromisura,P2004,249.21
2026-06-11,Notte,Macchina_2_Riferimento,P2021,248.69
2026-06-06,Notte,Macchina_2_Riferimento,P2011,250.61
2026-06-08,Notte,Macchina_2_Riferimento,P2015,251.76
2026-06-13,Notte,Macchina_1_Contromisura,P2024,248.68
2026-06-10,Notte,Macchina_2_Riferimento,P2019,246.78
2026-06-10,Notte,Macchina_1_Contromisura,P2018,248.28
2026-06-02,Notte,Macchina_1_Contromisura,P2002,250.45
2026-06-14,Notte,Macchina_1_Contromisura,P2026,252.58
2026-06-05,Notte,Macchina_2_Riferimento,P2009,248.82
2026-06-02,Notte,Macchina_1_Contromisura,P2002,249.34
2026-06-02,Notte,Macchina_1_Contromisura,P2002,250.17
2026-06-04,Notte,Macchina_2_Riferimento,P2007,248.27
2026-06-14,Notte,Macchina_1_Contromisura,P2026,248.96
2026-06-10,Notte,Macchina_2_Riferimento,P2019,253.67
2026-06-04,Notte,Macchina_1_Contromisura,P2006,250.55
2026-06-01,Notte,Macchina_2_Riferimento,P2001,249.34
2026-06-05,Notte,Macchina_2_Riferimento,P2009,252.12
2026-06-01,Notte,Macchina_2_Riferimento,P2001,248.8
2026-06-13,Notte,Macchina_2_Riferimento,P2025,248.96
2026-06-08,Notte,Macchina_1_Contromisura,P2014,250.14
2026-06-02,Notte,Macchina_1_Contromisura,P2002,249.09
2026-06-06,Notte,Macchina_2_Riferimento,P2011,246.32
2026-06-10,Notte,Macchina_1_Contromisura,P2018,249.84
2026-06-13,Notte,Macchina_1_Contromisura,P2024,248.32
2026-06-13,Notte,Macchina_2_Riferimento,P2025,249.92
2026-06-04,Notte,Macchina_1_Contromisura,P2006,248.4
2026-06-08,Notte,Macchina_2_Riferimento,P2015,251.59
2026-06-12,Notte,Macchina_1_Contromisura,P2022,249.25
2026-06-03,Notte,Macchina_1_Contromisura,P2004,251.82
2026-06-01,Notte,Macchina_1_Contromisura,P2000,249.27
2026-06-07,Notte,Macchina_2_Riferimento,P2013,249.94
2026-06-01,Notte,Macchina_2_Riferimento,P2001,249.73
2026-06-05,Notte,Macchina_2_Riferimento,P2009,250.99
2026-06-10,Notte,Macchina_1_Contromisura,P2018,251.91
2026-06-08,Notte,Macchina_1_Contromisura,P2014,248.79
2026-06-01,Notte,Macchina_1_Contromisura,P2000,250.02
2026-06-07,Notte,Macchina_1_Contromisura,P2012,252.13
2026-06-01,Notte,Macchina_1_Contromisura,P2000,249.61
2026-06-04,Notte,Macchina_2_Riferimento,P2007,242.58
2026-06-04,Notte,Macchina_1_Contromisura,P2006,249.78
2026-06-09,Notte,Macchina_2_Riferimento,P2017,245.72
2026-06-10,Notte,Macchina_1_Contromisura,P2018,246.94
2026-06-09,Notte,Macchina_1_Contromisura,P2016,249.62
2026-06-10,Notte,Macchina_1_Contromisura,P2018,249.64
2026-06-11,Notte,Macchina_1_Contromisura,P2020,249.67
2026-06-11,Notte,Macchina_1_Contromisura,P2020,251.03
2026-06-07,Notte,Macchina_1_Contromisura,P2012,252.07
2026-06-14,Notte,Macchina_1_Contromisura,P2026,249.89
2026-06-14,Notte,Macchina_2_Riferimento,P2027,252.6
2026-06-06,Notte,Macchina_2_Riferimento,P2011,250.6
2026-06-05,Notte,Macchina_2_Riferimento,P2009,248.33
2026-06-12,Notte,Macchina_1_Contromisura,P2022,249.01
2026-06-06,Notte,Macchina_1_Contromisura,P2010,252.23
2026-06-06,Notte,Macchina_1_Contromisura,P2010,250.5
2026-06-06,Notte,Macchina_2_Riferimento,P2011,251.2
2026-06-07,Notte,Macchina_1_Contromisura,P2012,251.63
2026-06-09,Notte,Macchina_2_Riferimento,P2017,245.65
2026-06-01,Notte,Macchina_1_Contromisura,P2000,252.05
2026-06-02,Notte,Macchina_2_Riferimento,P2003,251.1
2026-06-14,Notte,Macchina_2_Riferimento,P2027,249.18
2026-06-03,Notte,Macchina_1_Contromisura,P2004,249.18
2026-06-10,Notte,Macchina_1_Contromisura,P2018,246.19
2026-06-08,Notte,Macchina_2_Riferimento,P2015,248.96
2026-06-11,Notte,Macchina_2_Riferimento,P2021,248.94
2026-06-14,Notte,Macchina_2_Riferimento,P2027,246.47
2026-06-09,Notte,Macchina_2_Riferimento,P2017,247.12
2026-06-03,Notte,Macchina_1_Contromisura,P2004,249.47
2026-06-03,Notte,Macchina_1_Contromisura,P2004,249.15
2026-06-11,Notte,Macchina_2_Riferimento,P2021,248.82
2026-06-03,Notte,Macchina_2_Riferimento,P2005,251.91
2026-06-07,Notte,Macchina_1_Contromisura,P2012,247.39
2026-06-08,Notte,Macchina_2_Riferimento,P2015,248.51
2026-06-12,Notte,Macchina_1_Contromisura,P2022,250.78
2026-06-13,Notte,Macchina_2_Riferimento,P2025,251.74
2026-06-09,Notte,Macchina_1_Contromisura,P2016,250.09
2026-06-09,Notte,Macchina_2_Riferimento,P2017,247.46
2026-06-10,Notte,Macchina_1_Contromisura,P2018,250.33
2026-06-01,Notte,Macchina_1_Contromisura,P2000,249.34
2026-06-07,Notte,Macchina_2_Riferimento,P2013,253.79
2026-06-06,Notte,Macchina_2_Riferimento,P2011,253.76
2026-06-13,Notte,Macchina_2_Riferimento,P2025,249.13
2026-06-11,Notte,Macchina_2_Riferimento,P2021,248.89
2026-06-06,Notte,Macchina_1_Contromisura,P2010,249.82
2026-06-01,Notte,Macchina_1_Contromisura,P2000,249.56
2026-06-11,Notte,Macchina_1_Contromisura,P2020,249.98
2026-06-14,Notte,Macchina_2_Riferimento,P2027,243.68
2026-06-09,Notte,Macchina_2_Riferimento,P2017,249.71
2026-06-02,Notte,Macchina_1_Contromisura,P2002,249.69
2026-06-14,Notte,Macchina_1_Contromisura,P2026,248.08
2026-06-10,Notte,Macchina_2_Riferimento,P2019,246.39
2026-06-14,Notte,Macchina_1_Contromisura,P2026,248.35
2026-06-06,Notte,Macchina_2_Riferimento,P2011,250.89
2026-06-12,Notte,Macchina_1_Contromisura,P2022,250.92
2026-06-14,Notte,Macchina_2_Riferimento,P2027,250.31
2026-06-09,Notte,Macchina_2_Riferimento,P2017,247.74
2026-06-04,Notte,Macchina_2_Riferimento,P2007,251.95
2026-06-12,Notte,Macchina_2_Riferimento,P2023,243.65
2026-06-03,Notte,Macchina_1_Contromisura,P2004,249.23
2026-06-06,Notte,Macchina_1_Contromisura,P2010,249.4
2026-06-11,Notte,Macchina_2_Riferimento,P2021,246.15
2026-06-13,Notte,Macchina_1_Contromisura,P2024,251.48
2026-06-11,Notte,Macchina_1_Contromisura,P2020,249.14
2026-06-05,Notte,Macchina_1_Contromisura,P2008,251.77
2026-06-07,Notte,Macchina_2_Riferimento,P2013,249.02
2026-06-13,Notte,Macchina_1_Contromisura,P2024,249.05
2026-06-12,Notte,Macchina_1_Contromisura,P2022,248.44
2026-06-14,Notte,Macchina_2_Riferimento,P2027,252.8
2026-06-10,Notte,Macchina_1_Contromisura,P2018,247.29
2026-06-02,Notte,Macchina_2_Riferimento,P2003,248.39
2026-06-05,Notte,Macchina_2_Riferimento,P2009,249.28
2026-06-12,Notte,Macchina_1_Contromisura,P2022,249.74
2026-06-04,Notte,Macchina_1_Contromisura,P2006,248.48
2026-06-01,Notte,Macchina_1_Contromisura,P2000,249.67
2026-06-02,Notte,Macchina_1_Contromisura,P2002,250.86
2026-06-06,Notte,Macchina_1_Contromisura,P2010,247.29
2026-06-09,Notte,Macchina_2_Riferimento,P2017,247.53
2026-06-11,Notte,Macchina_1_Contromisura,P2020,254.09
2026-06-08,Notte,Macchina_1_Contromisura,P2014,248.11
2026-06-13,Notte,Macchina_1_Contromisura,P2024,246.42
2026-06-13,Notte,Macchina_1_Contromisura,P2024,250.19
2026-06-12,Notte,Macchina_1_Contromisura,P2022,248.86
2026-06-08,Notte,Macchina_2_Riferimento,P2015,245.87
2026-06-08,Notte,Macchina_1_Contromisura,P2014,249.86
2026-06-01,Notte,Macchina_2_Riferimento,P2001,244.2
2026-06-03,Notte,Macchina_2_Riferimento,P2005,246.02
2026-06-09,Notte,Macchina_1_Contromisura,P2016,249.37
2026-06-14,Notte,Macchina_2_Riferimento,P2027,252.03
2026-06-11,Notte,Macchina_1_Contromisura,P2020,251.11
2026-06-10,Notte,Macchina_2_Riferimento,P2019,254.09
2026-06-08,Notte,Macchina_1_Contromisura,P2014,250.49
2026-06-07,Notte,Macchina_1_Contromisura,P2012,249.91
2026-06-03,Notte,Macchina_2_Riferimento,P2005,246.33
2026-06-01,Notte,Macchina_2_Riferimento,P2001,247.96
2026-06-13,Notte,Macchina_2_Riferimento,P2025,247.99
2026-06-12,Notte,Macchina_1_Contromisura,P2022,247.99
2026-06-12,Notte,Macchina_2_Riferimento,P2023,248.77
2026-06-05,Notte,Macchina_1_Contromisura,P2008,250.4
2026-06-08,Notte,Macchina_1_Contromisura,P2014,249.6
2026-06-05,Notte,Macchina_2_Riferimento,P2009,251.6
2026-06-07,Notte,Macchina_1_Contromisura,P2012,248.07
2026-06-13,Notte,Macchina_2_Riferimento,P2025,244.63
2026-06-04,Notte,Macchina_1_Contromisura,P2006,251.22
2026-06-05,Notte,Macchina_1_Contromisura,P2008,248.55
2026-06-03,Notte,Macchina_2_Riferimento,P2005,248.18
2026-06-04,Notte,Macchina_1_Contromisura,P2006,250.75
2026-06-07,Notte,Macchina_1_Contromisura,P2012,250.14
2026-06-03,Notte,Macchina_2_Riferimento,P2005,248.3
2026-06-01,Notte,Macchina_2_Riferimento,P2001,246.37
2026-06-10,Notte,Macchina_2_Riferimento,P2019,248.95
2026-06-05,Notte,Macchina_1_Contromisura,P2008,248.29
2026-06-04,Notte,Macchina_2_Riferimento,P2007,248.82
2026-06-07,Notte,Macchina_2_Riferimento,P2013,248.71
2026-06-04,Notte,Macchina_1_Contromisura,P2006,249.72
2026-06-02,Notte,Macchina_2_Riferimento,P2003,250.01
2026-06-03,Notte,Macchina_1_Contromisura,P2004,249.1
2026-06-07,Notte,Macchina_2_Riferimento,P2013,248.63
2026-06-04,Notte,Macchina_2_Riferimento,P2007,246.04
2026-06-12,Notte,Macchina_2_Riferimento,P2023,248.57
2026-06-02,Notte,Macchina_1_Contromisura,P2002,246.34
2026-06-02,Notte,Macchina_2_Riferimento,P2003,249.81
2026-06-03,Notte,Macchina_1_Contromisura,P2004,250.87
2026-06-05,Notte,Macchina_2_Riferimento,P2009,242.67
2026-06-05,Notte,Macchina_1_Contromisura,P2008,250.18
2026-06-10,Notte,Macchina_2_Riferimento,P2019,247.81
2026-06-13,Notte,Macchina_1_Contromisura,P2024,247.5
2026-06-06,Notte,Macchina_2_Riferimento,P2011,254.48
2026-06-06,Notte,Macchina_1_Contromisura,P2010,249.3
2026-06-10,Notte,Macchina_1_Contromisura,P2018,251.44
2026-06-04,Notte,Macchina_2_Riferimento,P2007,244.55
2026-06-06,Notte,Macchina_2_Riferimento,P2011,252.29
2026-06-08,Notte,Macchina_2_Riferimento,P2015,249.93
2026-06-08,Notte,Macchina_1_Contromisura,P2014,248.34
2026-06-13,Notte,Macchina_1_Contromisura,P2024,248.22
2026-06-12,Notte,Macchina_2_Riferimento,P2023,248.82
2026-06-12,Notte,Macchina_2_Riferimento,P2023,249.47
2026-06-09,Notte,Macchina_2_Riferimento,P2017,252.8
2026-06-07,Notte,Macchina_2_Riferimento,P2013,245.27
2026-06-09,Notte,Macchina_2_Riferimento,P2017,249.52
2026-06-02,Notte,Macchina_2_Riferimento,P2003,252.29
2026-06-03,Notte,Macchina_1_Contromisura,P2004,251.09
2026-06-11,Notte,Macchina_1_Contromisura,P2020,249.31
2026-06-04,Notte,Macchina_1_Contromisura,P2006,248.57
2026-06-14,Notte,Macchina_2_Riferimento,P2027,247.14
2026-06-07,Notte,Macchina_2_Riferimento,P2013,249.41
2026-06-03,Notte,Macchina_2_Riferimento,P2005,242.66
2026-06-11,Notte,Macchina_1_Contromisura,P2020,250.95
2026-06-12,Notte,Macchina_2_Riferimento,P2023,251.46
2026-06-03,Notte,Macchina_2_Riferimento,P2005,246.7
2026-06-05,Notte,Macchina_1_Contromisura,P2008,247.78
2026-06-10,Notte,Macchina_2_Riferimento,P2019,252.78
2026-06-02,Notte,Macchina_2_Riferimento,P2003,251.15
2026-06-07,Notte,Macchina_1_Contromisura,P2012,250.26
2026-06-11,Notte,Macchina_2_Riferimento,P2021,249.62
2026-06-10,Notte,Macchina_2_Riferimento,P2019,247.93
2026-06-05,Notte,Macchina_1_Contromisura,P2008,249.88
2026-06-13,Notte,Macchina_2_Riferimento,P2025,250.17
2026-06-02,Notte,Macchina_2_Riferimento,P2003,255.4
2026-06-02,Notte,Macchina_2_Riferimento,P2003,250.57
2026-06-03,Notte,Macchina_2_Riferimento,P2005,246.58
2026-06-14,Notte,Macchina_1_Contromisura,P2026,251.94
2026-06-06,Notte,Macchina_1_Contromisura,P2010,251.06
2026-06-10,Notte,Macchina_2_Riferimento,P2019,253.9
2026-06-09,Notte,Macchina_1_Contromisura,P2016,249.53
2026-06-06,Notte,Macchina_2_Riferimento,P2011,250.07
2026-06-07,Notte,Macchina_1_Contromisura,P2012,249.05
2026-06-11,Notte,Macchina_2_Riferimento,P2021,244.88
2026-06-03,Notte,Macchina_1_Contromisura,P2004,250.22
2026-06-11,Notte,Macchina_2_Riferimento,P2021,249.78
2026-06-14,Notte,Macchina_2_Riferimento,P2027,247.98
2026-06-05,Notte,Macchina_2_Riferimento,P2009,244.4
2026-06-09,Notte,Macchina_1_Contromisura,P2016,251.28
2026-06-14,Notte,Macchina_1_Contromisura,P2026,249.5
2026-06-04,Notte,Macchina_2_Riferimento,P2007,247.88
2026-06-02,Notte,Macchina_1_Contromisura,P2002,247.5
2026-06-04,Notte,Macchina_2_Riferimento,P2007,245.51
2026-06-01,Notte,Macchina_2_Riferimento,P2001,252.18
2026-06-09,Notte,Macchina_1_Contromisura,P2016,249.02
