date,shift,batch_id,operator_id,weight_grams
2026-06-06,Notte,B1017,OP-01,251.08
2026-06-03,Pomeriggio,B1007,OP-02,250.41
2026-06-05,Mattina,B1012,OP-04,251.87
2026-06-13,Pomeriggio,B1037,OP-02,248.76
2026-06-05,Notte,B1014,OP-06,0.0
2026-06-12,Pomeriggio,B1034,OP-02,250.7
2026-06-10,Notte,B1029,OP-01,249.82
2026-06-01,Mattina,B1000,OP-11,247.96
2026-06-10,Mattina,B1027,OP-04,251.3
2026-06-04,Notte,B1011,OP-06,247.63
2026-06-13,Mattina,B1036,OP-11,250.11
2026-06-01,Mattina,B1000,OP-07,248.74
2026-06-02,Pomeriggio,B1004,OP-02,251.13
2026-06-10,Mattina,B1027,OP-11,248.52
2026-06-06,Pomeriggio,B1016,OP-09,247.81
2026-06-13,Mattina,B1036,OP-07,249.65
2026-06-11,Notte,B1032,OP-01,249.52
2026-06-01,Pomeriggio,B1001,OP-02,251.69
2026-06-07,Notte,B1020,OP-01,248.73
2026-06-05,Pomeriggio,B1013,OP-15,248.94
2026-06-10,Mattina,B1027,OP-11,250.93
2026-06-07,Pomeriggio,B1019,OP-02,249.77
2026-06-06,Mattina,B1015,OP-04,248.54
2026-06-07,Notte,B1020,OP-06,251.32
2026-06-10,Mattina,B1027,OP-11,247.91
2026-06-08,Notte,B1023,OP-01,247.24
2026-06-10,Notte,B1029,OP-06,247.07
2026-06-13,Mattina,B1036,OP-04,261.4
2026-06-11,Pomeriggio,B1031,OP-15,251.54
2026-06-13,Notte,B1038,OP-06,248.45
2026-06-01,Notte,B1002,OP-06,250.72
2026-06-13,Notte,B1038,OP-06,249.63
2026-06-03,Mattina,B1006,OP-07,251.1
2026-06-03,Mattina,B1006,OP-04,250.2
2026-06-14,Mattina,B1039,OP-11,249.01
2026-06-11,Mattina,B1030,OP-07,250.49
2026-06-14,Pomeriggio,B1040,OP-15,251.16
2026-06-12,Notte,B1035,OP-06,247.66
2026-06-08,Notte,B1023,OP-06,251.27
2026-06-08,Notte,B1023,OP-01,250.06
2026-06-12,Notte,B1035,OP-01,253.28
2026-06-09,Pomeriggio,B1025,OP-02,250.82
2026-06-11,Mattina,B1030,OP-07,250.72
2026-06-07,Notte,B1020,OP-06,249.82
2026-06-07,Mattina,B1018,OP-04,250.76
2026-06-10,Pomeriggio,B1028,OP-02,249.33
2026-06-11,Mattina,B1030,OP-04,250.38
2026-06-04,Mattina,B1009,OP-11,250.03
2026-06-12,Pomeriggio,B1034,OP-09,253.25
2026-06-08,Pomeriggio,B1022,OP-09,248.78
2026-06-06,Pomeriggio,B1016,OP-02,249.41
2026-06-07,Mattina,B1018,OP-11,252.81
2026-06-07,Notte,B1020,OP-06,245.95
2026-06-01,Mattina,B1000,OP-07,250.45
2026-06-08,Notte,B1023,OP-06,253.03
2026-06-14,Pomeriggio,B1040,OP-02,249.35
2026-06-03,Mattina,B1006,OP-11,248.56
2026-06-14,Notte,B1041,OP-06,247.18
2026-06-09,Pomeriggio,B1025,OP-02,250.24
2026-06-13,Notte,B1038,OP-06,248.71
2026-06-11,Pomeriggio,B1031,OP-09,247.41
2026-06-05,Pomeriggio,B1013,OP-09,250.22
2026-06-09,Pomeriggio,B1025,OP-09,251.19
2026-06-07,Notte,B1020,OP-06,247.96
2026-06-06,Pomeriggio,B1016,OP-09,248.19
2026-06-06,Pomeriggio,B1016,OP-15,248.96
2026-06-13,Pomeriggio,B1037,OP-15,250.82
2026-06-10,Notte,B1029,OP-01,247.41
2026-06-02,Notte,B1005,OP-06,247.05
2026-06-04,Notte,B1011,OP-06,247.07
2026-06-10,Notte,B1029,OP-06,250.1
2026-06-04,Pomeriggio,B1010,OP-09,252.4
2026-06-10,Notte,B1029,OP-01,245.9
2026-06-08,Mattina,B1021,OP-11,250.07
2026-06-01,Pomeriggio,B1001,OP-15,249.9
2026-06-02,Pomeriggio,B1004,OP-15,248.97
2026-06-06,Notte,B1017,OP-06,247.85
2026-06-14,Notte,B1041,OP-06,246.0
2026-06-11,Mattina,B1030,OP-11,252.64
2026-06-13,Mattina,B1036,OP-07,249.36
2026-06-12,Notte,B1035,OP-01,252.64
2026-06-10,Mattina,B1027,OP-11,250.93
2026-06-08,Mattina,B1021,OP-07,249.46
2026-06-03,Notte,B1008,OP-06,253.38
2026-06-02,Pomeriggio,B1004,OP-02,251.02
2026-06-10,Notte,B1029,OP-06,
2026-06-03,Notte,B1008,OP-06,252.71
2026-06-11,Notte,B1032,OP-06,246.72
2026-06-03,Notte,B1008,OP-01,248.23
2026-06-10,Pomeriggio,B1028,OP-02,249.63
2026-06-14,Pomeriggio,B1040,OP-02,250.77
2026-06-04,Pomeriggio,B1010,OP-15,250.3
2026-06-14,Notte,B1041,OP-06,244.91
2026-06-05,Mattina,B1012,OP-11,250.52
2026-06-06,Notte,B1017,OP-06,250.12
2026-06-10,Mattina,B1027,OP-11,249.98
2026-06-01,Pomeriggio,B1001,OP-02,250.58
2026-06-05,Pomeriggio,B1013,OP-15,248.94
2026-06-11,Notte,B1032,OP-01,248.74
2026-06-04,Mattina,B1009,OP-04,250.68
2026-06-06,Mattina,B1015,OP-07,250.68
2026-06-11,Pomeriggio,B1031,OP-02,252.62
2026-06-02,Pomeriggio,B1004,OP-02,251.36
2026-06-06,Notte,B1017,OP-01,248.21
2026-06-13,Mattina,B1036,OP-11,250.0
2026-06-04,Mattina,B1009,OP-07,252.7
2026-06-04,Pomeriggio,B1010,OP-02,250.03
2026-06-04,Mattina,B1009,OP-11,249.08
2026-06-03,Mattina,B1006,OP-11,248.28
2026-06-07,mattina,B1018,OP-11,248.97
2026-06-01,Notte,B1002,OP-06,246.62
2026-06-14,Notte,B1041,OP-01,250.41
2026-06-01,Pomeriggio,B1001,OP-09,251.24
2026-06-13,Pomeriggio,B1037,OP-02,250.01
2026-06-03,Mattina,B1006,OP-11,250.84
06/06/2026,Notte,B1017,OP-01,249.55
2026-06-06,Pomeriggio,B1016,OP-02,248.67
2026-06-12,Notte,B1035,OP-06,249.27
2026-06-04,Pomeriggio,B1010,OP-15,249.89
2026-06-02,Mattina,B1003,OP-04,248.55
2026-06-11,Mattina,B1030,OP-07,252.79
2026-06-12,Mattina,B1033,OP-04,249.96
2026-06-13,Pomeriggio,B1037,OP-09,249.7
2026-06-09,Notte,B1026,OP-06,249.29
2026-06-04,Mattina,B1009,OP-04,249.11
2026-06-14,Pomeriggio,B1040,OP-15,247.79
2026-06-12,Mattina,B1033,OP-07,248.51
2026-06-13,Mattina,B1036,OP-11,250.6
2026-06-11,Pomeriggio,B1031,OP-02,249.57
2026-06-08,Notte,B1023,OP-06,243.12
2026-06-11,Notte,B1032,OP-01,250.53
2026-06-05,Mattina,B1012,OP-04,252.14
2026-06-03,Notte,B1008,OP-01,246.03
2026-06-13,Notte,B1038,OP-06,246.38
2026-06-12,Mattina,B1033,OP-04,250.84
2026-06-01,Notte,B1002,OP-01,246.55
2026-06-03,Notte,B1008,OP-06,245.57
2026-06-11,Notte,B1032,OP-06,2508.0
2026-06-03,Pomeriggio,B1007,OP-15,248.86
2026-06-03,Mattina,B1006,OP-11,249.1
2026-06-10,Pomeriggio,B1028,OP-15,252.34
2026-06-04,Mattina,B1009,OP-04,248.54
2026-06-13,Pomeriggio,B1037,OP-09,249.99
2026-06-11,Mattina,B1030,OP-11,251.64
2026-06-11,Notte,B1032,OP-06,248.92
2026-06-05,Mattina,B1012,OP-11,251.63
2026-06-02,Notte,B1005,OP-06,247.88
2026-06-05,Mattina,B1012,OP-11,250.16
2026-06-01,Pomeriggio,B1001,OP-09,
2026-06-11,Notte,B1032,OP-01,248.42
2026-06-02,Mattina,B1003,OP-04,250.58
2026-06-09,Notte,B1026,OP-01,244.94
2026-06-10,Pomeriggio,B1028,OP-09,248.18
2026-06-08,Mattina,B1021,OP-11,250.38
2026-06-07,Mattina,B1018,OP-04,250.36
2026-06-12,Pomeriggio,B1034,OP-09,248.07
2026-06-07,Mattina,B1018,OP-11,252.19
2026-06-13,Pomeriggio,B1037,OP-09,248.48
2026-06-09,Mattina,B1024,OP-07,250.15
2026-06-03,Notte,B1008,OP-06,253.0
2026-06-05,Pomeriggio,B1013,OP-15,248.66
2026-06-05,Mattina,B1012,OP-04,249.81
2026-06-13,Notte,B1038,OP-01,249.43
2026-06-01,Pomeriggio,B1001,OP-09,250.04
2026-06-14,Notte,B1041,OP-01,246.64
2026-06-07,Pomeriggio,B1019,OP-09,248.66
2026-06-05,Mattina,B1012,OP-04,250.56
2026-06-05,Pomeriggio,B1013,OP-15,251.93
2026-06-04,Notte,B1011,OP-01,251.25
2026-06-02,Notte,B1005,OP-01,249.3
2026-06-04,Notte,B1011,OP-06,246.37
2026-06-01,Mattina,B1000,OP-07,249.28
2026-06-10,Pomeriggio,B1028,OP-02,248.95
2026-06-01,Pomeriggio,B1001,OP-09,249.21
2026-06-14,Mattina,B1039,OP-07,250.58
2026-06-01,Mattina,B1000,OP-07,250.67
2026-06-04,Pomeriggio,B1010,OP-02,249.47
2026-06-14,Pomeriggio,B1040,OP-09,250.41
2026-06-14,Pomeriggio,B1040,OP-02,251.76
2026-06-09,MATTINA ,B1024,OP-11,252.08
2026-06-12,Notte,B1035,OP-01,247.89
2026-06-03,Pomeriggio,B1007,OP-09,251.06
2026-06-08,Pomeriggio,B1022,OP-15,249.23
2026-06-02,Mattina,B1003,OP-04,251.06
2026-06-06,Mattina,B1015,OP-07,249.0
2026-06-09,Mattina,B1024,OP-04,251.5
2026-06-06,Pomeriggio,B1016,OP-02,249.98
2026-06-06,pomeriggio,B1016,OP-02,
2026-06-07,Pomeriggio,B1019,OP-15,249.49
2026-06-09,Mattina,B1024,OP-07,250.12
2026-06-08,Pomeriggio,B1022,OP-09,248.52
2026-06-14,Pomeriggio,B1040,OP-09,248.43
2026-06-05,Notte,B1014,OP-01,247.54
2026-06-12,Mattina,B1033,OP-11,250.74
2026-06-02,Pomeriggio,B1004,OP-02,247.91
2026-06-06,Pomeriggio,B1016,OP-15,248.72
12/06/2026,Pomeriggio,B1034,OP-15,249.37
2026-06-08,Pomeriggio,B1022,OP-09,250.93
2026-06-09,Pomeriggio,B1025,OP-02,
2026-06-08,Pomeriggio,B1022,OP-15,250.51
2026-06-14,Notte,B1041,OP-06,245.31
2026-06-09,Mattina,B1024,OP-11,249.31
2026-06-12,Pomeriggio,B1034,OP-09,250.55
2026-06-12,Mattina,B1033,OP-07,247.91
2026-06-08,Pomeriggio,B1022,OP-09,249.19
2026-06-12,Notte,B1035,OP-01,252.97
2026-06-05,Notte,B1014,OP-06,251.71
2026-06-09,Pomeriggio,B1025,OP-09,251.8
2026-06-04,Pomeriggio,B1010,OP-09,251.49
2026-06-02,Mattina,B1003,OP-07,250.57
2026-06-07,Mattina,B1018,OP-11,249.38
2026-06-04,Notte,B1011,OP-01,246.6
2026-06-06,Notte,B1017,OP-06,248.53
2026-06-02,Notte,B1005,OP-06,247.7
2026-06-05,Pomeriggio,B1013,OP-09,250.09
2026-06-14,Mattina,B1039,OP-11,252.7
2026-06-06,Mattina,B1015,OP-04,252.55
2026-06-01,Pomeriggio,B1001,OP-15,249.54
2026-06-05,Notte,B1014,OP-06,251.46
2026-06-06,Mattina,B1015,OP-07,249.59
2026-06-10,Notte,B1029,OP-01,243.77
2026-06-02,Pomeriggio,B1004,OP-15,250.31
2026-06-12,Pomeriggio,B1034,OP-15,249.99
2026-06-04,Notte,B1011,OP-06,251.51
2026-06-09,Notte,B1026,OP-06,251.03
2026-06-08,Mattina,B1021,OP-04,251.29
2026-06-04,Pomeriggio,B1010,OP-09,250.27
2026-06-13,Mattina,B1036,OP-11,248.28
2026-06-06,Pomeriggio,B1016,OP-15,252.49
2026-06-03,Pomeriggio,B1007,OP-09,249.33
2026-06-14,Mattina,B1039,OP-04,248.83
2026-06-10,Mattina,B1027,OP-11,249.83
2026-06-03,Notte,B1008,OP-06,249.52
2026-06-01,Mattina,B1000,OP-07,250.28
2026-06-09,Mattina,B1024,OP-07,249.03
2026-06-04,Mattina,B1009,OP-04,247.74
2026-06-13,Mattina,B1036,OP-07,250.08
2026-06-12,Pomeriggio,B1034,OP-15,251.13
2026-06-12,Mattina,B1033,OP-11,251.94
2026-06-08,Pomeriggio,B1022,OP-02,252.06
2026-06-01,Notte,B1002,OP-06,246.59
2026-06-02,Mattina,B1003,OP-11,250.44
2026-06-11,Pomeriggio,B1031,OP-09,249.5
2026-06-02,Notte,B1005,OP-01,250.65
2026-06-14,Pomeriggio,B1040,OP-15,249.55
2026-06-02,Mattina,B1003,OP-07,250.56
2026-06-10,Notte,B1029,OP-06,251.5
2026-06-02,pomeriggio,B1004,OP-15,249.65
2026-06-12,Notte,B1035,OP-01,246.41
2026-06-10,Mattina,B1027,OP-11,250.16
2026-06-10,Notte,B1029,OP-06,249.91
2026-06-02,Mattina,B1003,OP-07,251.35
2026-06-08,Pomeriggio,B1022,OP-09,249.43
2026-06-10,Pomeriggio,B1028,OP-02,249.01
2026-06-02,Mattina,B1003,OP-07,251.11
2026-06-12,Mattina,B1033,OP-07,249.93
2026-06-03,Mattina,B1006,OP-11,250.18
2026-06-09,Notte,B1026,OP-06,249.67
2026-06-08,Notte,B1023,OP-06,250.55
2026-06-14,Notte,B1041,OP-01,250.15
2026-06-02,Pomeriggio,B1004,OP-15,250.86
2026-06-06,Notte,B1017,OP-01,248.23
2026-06-08,Mattina,B1021,OP-04,
2026-06-11,Notte,B1032,OP-01,252.91
2026-06-01,Notte,B1002,OP-01,247.76
2026-06-09,Mattina,B1024,OP-04,249.41
2026-06-07,Pomeriggio,B1019,OP-02,252.01
2026-06-05,Pomeriggio,B1013,OP-15,250.54
2026-06-01,Notte,B1002,OP-06,250.62
2026-06-07,Mattina,B1018,OP-07,250.18
2026-06-07,Notte,B1020,OP-01,247.98
2026-06-05,Pomeriggio,B1013,OP-02,249.59
2026-06-04,notte,B1011,OP-01,248.79
2026-06-08,Mattina,B1021,OP-07,249.94
2026-06-13,Notte,B1038,OP-06,247.07
2026-06-13,Mattina,B1036,OP-11,247.43
2026-06-12,Pomeriggio,B1034,OP-02,250.67
2026-06-08,Notte,B1023,OP-06,253.43
2026-06-08,Mattina,B1021,OP-11,251.24
2026-06-02,Notte,B1005,OP-06,248.03
2026-06-12,Mattina,B1033,OP-11,251.42
2026-06-11,Pomeriggio,B1031,OP-09,248.65
2026-06-11,Mattina,B1030,OP-04,249.29
2026-06-07,Mattina,B1018,OP-11,250.3
2026-06-04,Mattina,B1009,OP-07,250.8
2026-06-04,Notte,B1011,OP-01,249.98
2026-06-10,Mattina,B1027,OP-11,247.5
2026-06-04,Notte,B1011,OP-06,250.15
2026-06-14,Mattina,B1039,OP-04,249.95
2026-06-06,Notte,B1017,OP-06,246.14
2026-06-13,Mattina,B1036,OP-07,249.31
2026-06-02,Notte,B1005,OP-06,249.34
2026-06-06,Notte,B1017,OP-06,245.05
2026-06-07,Pomeriggio,B1019,OP-15,250.17
2026-06-07,Pomeriggio,B1019,OP-02,250.3
2026-06-07,Mattina,B1018,OP-04,249.43
2026-06-12,Pomeriggio,B1034,OP-15,250.23
2026-06-04,Pomeriggio,B1010,OP-02,248.75
2026-06-08,Pomeriggio,B1022,OP-02,248.58
2026-06-05,Pomeriggio,B1013,OP-02,252.0
2026-06-11,Mattina,B1030,OP-07,250.49
2026-06-03,Mattina,B1006,OP-07,250.88
2026-06-04,Mattina,B1009,OP-07,251.31
2026-06-07,Pomeriggio,B1019,OP-09,250.44
2026-06-05,Notte,B1014,OP-06,246.44
2026-06-05,Notte,B1014,OP-01,250.41
2026-06-07,Notte,B1020,OP-06,253.74
2026-06-06,Mattina,B1015,OP-04,250.57
2026-06-12,Pomeriggio,B1034,OP-15,249.71
2026-06-01,Pomeriggio,B1001,OP-15,248.98
2026-06-09,Notte,B1026,OP-01,249.54
2026-06-04,Mattina,B1009,OP-11,253.8
2026-06-08,Mattina,B1021,OP-07,250.83
2026-06-09,Mattina,B1024,OP-07,249.26
2026-06-02,Notte,B1005,OP-01,250.18
2026-06-11,Mattina,B1030,OP-07,250.76
2026-06-11,Notte,B1032,OP-01,249.16
2026-06-02,Mattina,B1003,OP-04,250.38
2026-06-13,Pomeriggio,B1037,OP-02,248.94
2026-06-01,Notte,B1002,OP-06,254.9
2026-06-13,Pomeriggio,B1037,OP-09,252.75
2026-06-03,Pomeriggio,B1007,OP-15,251.19
2026-06-07,Notte,B1020,OP-06,243.98
2026-06-03,Pomeriggio,B1007,OP-09,250.66
2026-06-09,Notte,B1026,OP-01,249.05
2026-06-14,Notte,B1041,OP-06,250.9
2026-06-05,Notte,B1014,OP-06,252.64
2026-06-13,Pomeriggio,B1037,OP-15,250.49
2026-06-01,Mattina,B1000,OP-04,251.2
2026-06-02,Notte,B1005,OP-06,250.83
2026-06-09,Notte,B1026,OP-01,242.43
2026-06-09,Pomeriggio,B1025,OP-09,249.83
2026-06-09,Pomeriggio,B1025,OP-15,248.02
2026-06-11,Notte,B1032,OP-06,256.17
2026-06-07,Mattina,B1018,OP-04,250.68
2026-06-06,Mattina,B1015,OP-04,250.41
2026-06-13,Notte,B1038,OP-06,250.44
11/06/2026,Mattina,B1030,OP-07,250.14
2026-06-07,Pomeriggio,B1019,OP-15,250.69
2026-06-03,Pomeriggio,B1007,OP-09,249.66
2026-06-09,Mattina,B1024,OP-07,250.76
2026-06-14,Pomeriggio,B1040,OP-09,249.28
2026-06-03,Notte,B1008,OP-01,249.9
2026-06-08,Notte,B1023,OP-01,247.3
2026-06-05,Notte,B1014,OP-06,245.19
2026-06-12,Notte,B1035,OP-06,252.83
2026-06-09,Notte,B1026,OP-06,250.87
2026-06-10,Pomeriggio,B1028,OP-02,251.14
2026-06-05,Pomeriggio,B1013,OP-15,249.89
2026-06-06,Pomeriggio,B1016,OP-09,252.87
2026-06-03,Notte,B1008,OP-06,249.4
2026-06-13,Pomeriggio,B1037,OP-02,
2026-06-06,Mattina,B1015,OP-11,249.28
2026-06-10,Mattina,B1027,OP-11,249.49
2026-06-05,Mattina,B1012,OP-11,250.81
2026-06-07,Pomeriggio,B1019,OP-09,249.72
2026-06-09,Notte,B1026,OP-01,250.19
2026-06-13,Notte,B1038,OP-06,244.83
2026-06-04,Pomeriggio,B1010,OP-02,247.92
2026-06-06,Mattina,B1015,OP-11,253.32
2026-06-10,Pomeriggio,B1028,OP-09,250.22
2026-06-08,Pomeriggio,B1022,OP-15,250.14
2026-06-01,Notte,B1002,OP-06,252.06
2026-06-07,Pomeriggio,B1019,OP-02,249.97
2026-06-03,Mattina,B1006,OP-07,249.79
2026-06-01,Pomeriggio,B1001,OP-02,249.86
2026-06-10,notte,B1029,OP-06,248.37
2026-06-04,Pomeriggio,B1010,OP-09,251.38
2026-06-12,Mattina,B1033,OP-07,249.9
2026-06-11,Mattina,B1030,OP-11,251.59
2026-06-01,Notte,B1002,OP-01,248.58
2026-06-03,Pomeriggio,B1007,OP-09,247.85
2026-06-02,Pomeriggio,B1004,OP-09,249.66
2026-06-10,Pomeriggio,B1028,OP-15,250.01
2026-06-01,Mattina,B1000,OP-11,251.43
2026-06-13,Notte,B1038,OP-06,249.43
2026-06-02,Pomeriggio,B1004,OP-02,249.5
2026-06-14,Notte,B1041,OP-01,249.56
2026-06-02,Mattina,B1003,OP-04,250.58
2026-06-05,Mattina,B1012,OP-04,250.64
2026-06-04,Notte,B1011,OP-06,248.46
2026-06-14,Notte,B1041,OP-01,249.58
2026-06-08,Mattina,B1021,OP-07,248.89
2026-06-09,Notte,B1026,OP-01,247.58
2026-06-07,Notte,B1020,OP-06,252.54
2026-06-11,Pomeriggio,B1031,OP-09,
2026-06-13,Notte,B1038,OP-06,244.85
2026-06-01,Mattina,B1000,OP-07,249.05
2026-06-11,Pomeriggio,B1031,OP-02,249.72
2026-06-01,Notte,B1002,OP-01,247.47
2026-06-11,Pomeriggio,B1031,OP-09,250.55
2026-06-11,Pomeriggio,B1031,OP-09,249.73
2026-06-01,Mattina,B1000,OP-11,249.92
2026-06-05,Notte,B1014,OP-01,247.96
2026-06-03,Notte,B1008,OP-01,251.24
2026-06-12,Notte,B1035,OP-01,248.36
2026-06-09,Mattina,B1024,OP-11,250.12
2026-06-08,Mattina,B1021,OP-04,251.49
2026-06-03,Mattina,B1006,OP-04,248.71
2026-06-02,Notte,B1005,OP-01,250.29
2026-06-14,Mattina,B1039,OP-04,252.23
2026-06-06,Mattina,B1015,OP-07,249.96
2026-06-09,Pomeriggio,B1025,OP-15,253.13
2026-06-14,Mattina,B1039,OP-11,248.89
2026-06-14,Pomeriggio,B1040,OP-02,249.42
2026-06-12,Notte,B1035,OP-01,249.62
2026-06-09,Pomeriggio,B1025,OP-02,247.5
2026-06-10,Mattina,B1027,OP-11,248.74
2026-06-06,Notte,B1017,OP-06,248.15
2026-06-10,Pomeriggio,B1028,OP-09,251.86
2026-06-14,Mattina,B1039,OP-04,248.91
2026-06-08,Notte,B1023,OP-06,249.93
2026-06-03,Pomeriggio,B1007,OP-15,248.89
2026-06-05,Mattina,B1012,OP-04,248.83
2026-06-05,Notte,B1014,OP-01,248.99
2026-06-12,Mattina,B1033,OP-04,248.1
2026-06-05,Pomeriggio,B1013,OP-02,250.94
2026-06-07,Notte,B1020,OP-01,244.61
2026-06-14,Mattina,B1039,OP-11,251.16
2026-06-09,Pomeriggio,B1025,OP-09,252.19
2026-06-03,Pomeriggio,B1007,OP-02,249.83
2026-06-14,Mattina,B1039,OP-07,249.3
2026-06-08,Notte,B1023,OP-06,244.47
2026-06-02,Mattina,B1003,OP-04,250.65
